seed,naive_pick,honest_pick,best_deploy_pick,naive_cv_mae,honest_cv_mae,naive_dep_mae,naive_dep_r2,honest_dep_mae,honest_dep_r2,best_dep_mae,regret_naive,regret_honest,delta_mae,delta_pct,naive_cv[kNN(k=1)],naive_cv[kNN(k=5)],naive_cv[kNN(k=50)],naive_cv[Ridge a=.01],naive_cv[Ridge a=1],naive_cv[Ridge a=100],naive_cv[RF d=None],naive_cv[RF d=4],honest_cv[kNN(k=1)],honest_cv[kNN(k=5)],honest_cv[kNN(k=50)],honest_cv[Ridge a=.01],honest_cv[Ridge a=1],honest_cv[Ridge a=100],honest_cv[RF d=None],honest_cv[RF d=4],dep_mae[kNN(k=1)],dep_mae[kNN(k=5)],dep_mae[kNN(k=50)],dep_mae[Ridge a=.01],dep_mae[Ridge a=1],dep_mae[Ridge a=100],dep_mae[RF d=None],dep_mae[RF d=4]
0,RF d=None,Ridge a=.01,Ridge a=.01,1.6115188347792142,1.839639651272687,3.104830802490774,0.7061196778632274,2.5010674229494554,0.7803112737520641,2.5010674229494554,0.6037633795413186,0.0,0.6037633795413186,19.44593499449195,2.1660019893101303,1.727431733839652,1.7722021978001243,1.6767530385321003,1.6767740885709492,1.6791217478179636,1.6115188347792142,1.7074115445417681,3.0002705375858247,2.4049921003589527,2.5801992288856868,1.839639651272687,1.8397867861441939,1.8546230569485374,2.4473358478090734,2.1116834004073874,4.164516742042697,3.0715585163706938,3.0458712268064048,2.5010674229494554,2.5010719356100264,2.502091627591783,3.104830802490774,3.0575945961158313
1,RF d=None,Ridge a=.01,Ridge a=.01,1.7510537629996787,2.0638666757742428,2.412029251702638,0.7445050601305954,2.034385469084328,0.8082438164199689,2.034385469084328,0.37764378261830966,0.0,0.37764378261830966,15.656683365333693,2.3469022362120286,1.8712593570096279,1.9042884539122693,1.8199034852375795,1.819931844848973,1.823031493918505,1.7510537629996787,1.8605918706525064,3.208736132115277,2.4655070846777694,2.591789850952295,2.0638666757742428,2.0640226590659,2.0798182281587114,2.298754422690857,2.221183801249782,3.160101783828628,2.4940503223526496,2.5203594008836054,2.034385469084328,2.0344964638676006,2.0458721985900783,2.412029251702638,2.3880587550111456
2,RF d=None,Ridge a=.01,Ridge a=.01,1.6697793442690085,1.9790709996735392,2.777273711177263,0.7061692033960538,2.267624874300058,0.7820873606526384,2.267624874300058,0.5096488368772047,0.0,0.5096488368772047,18.350688116410712,2.2123107278977825,1.7804433189613103,1.78710673015182,1.7354349037247416,1.7354505699681582,1.7372705894041265,1.6697793442690085,1.7948893927437297,3.307556061442482,2.523226021570344,2.6840640863462095,1.9790709996735392,1.9792654494858923,1.9985736264645841,2.4560200425410406,2.114330391477128,3.6724055916392673,2.886616063903241,2.879463240779239,2.267624874300058,2.2677492775943384,2.280194125917241,2.777273711177263,2.6510229299257895
3,RF d=None,Ridge a=.01,Ridge a=.01,1.8086390595508515,2.046491557455501,2.0502716733919866,0.668808430110959,1.8516326765164677,0.7151283764616787,1.8516326765164677,0.1986389968755189,0.0,0.1986389968755189,9.688423219879388,2.384811814653919,1.9195667281155788,1.9609216591548815,1.8755354427981257,1.8755616341452945,1.8783971530722634,1.8086390595508515,1.907793725509634,3.583594866459792,2.5716955857044677,2.6611058511596775,2.046491557455501,2.04667001563759,2.064656257502306,2.56540311902409,2.3289495353076006,2.712653719819594,2.086457227827612,2.1552391678672014,1.8516326765164677,1.851719271095561,1.8605115437139133,2.0502716733919866,1.967830494680986
4,RF d=None,RF d=4,RF d=4,1.7412467605867086,2.0874259718412818,2.6940177553133866,0.8232882299863242,2.4751062214541046,0.8442982929445786,2.4751062214541046,0.21891153385928197,0.0,0.21891153385928197,8.12583857057084,2.321938230547903,1.863113523090297,1.8485930972415061,1.812791554620756,1.8128075538223976,1.8144938395583192,1.7412467605867086,1.828342446634712,3.051514900768825,2.4116793822447162,2.415394028797544,2.098447118154388,2.098612272333004,2.1150198909832367,2.2872472821894423,2.0874259718412818,3.2005971111684293,2.7072301269228785,3.161186710777921,2.532462646502141,2.5327260254503967,2.5585361707743663,2.6940177553133866,2.4751062214541046
5,RF d=None,Ridge a=.01,Ridge a=.01,1.6147792307694135,1.8713531105812997,2.8505106454947944,0.7831209386782749,2.5506024835080474,0.8143556575342665,2.5506024835080474,0.29990816198674697,0.0,0.29990816198674697,10.521208277567705,2.1364646611494122,1.7147648784086964,1.7469238574336825,1.6623655818472778,1.662387759077101,1.6648019939870717,1.6147792307694135,1.6927467444236222,2.829095705645088,2.32101501428493,2.40257745383662,1.8713531105812997,1.8714723151981456,1.8835197847639642,2.248988523169401,1.9987579619732991,3.8301549957643157,3.0838468062612403,3.240481135057738,2.5506024835080474,2.5506605918289913,2.5567327637136805,2.8505106454947944,2.657318564245633
6,RF d=None,Ridge a=.01,Ridge a=.01,1.8223454382849567,2.275148409252853,2.3781371205007233,0.7436164807497089,1.9121587657783248,0.8772973963331597,1.9121587657783248,0.46597835472239857,0.0,0.46597835472239857,19.594259334562068,2.3805380665088727,1.9213099285548794,1.9094457834539214,1.8858324145064,1.8858440677399,1.8871673764439858,1.8223454382849567,1.9131833461379173,3.6817773951381803,2.711004377232058,2.7621968785172952,2.275148409252853,2.2753699952715833,2.2972306156306823,2.5230075115341637,2.413469389725912,3.2326669815641145,2.403635557219352,2.3364263685326443,1.9121587657783248,1.9123208729654713,1.9283670052118174,2.3781371205007233,2.3035696248787323
7,RF d=None,Ridge a=.01,Ridge a=.01,1.8016005425251798,2.088531361276922,2.2032409575346756,0.6427253213976584,1.8901126800026962,0.702963648485964,1.8901126800026962,0.31312827753197947,0.0,0.31312827753197947,14.21216669294109,2.3659674208649992,1.909004654883843,1.95641532974611,1.873759324725599,1.8737836163738912,1.8764510004555226,1.8016005425251798,1.8974867752996645,3.5637149034485653,2.6469204746174397,2.7478621445098135,2.088531361276922,2.0887154533786196,2.107327871195997,2.5261063021597154,2.266545094071606,2.861741911406662,2.2792243463455546,2.414892484941768,1.8901126800026962,1.8902222942046236,1.9013075360044143,2.2032409575346756,1.9704704357854521
8,RF d=None,Ridge a=.01,Ridge a=.01,1.8232322186610719,2.063692852534147,2.1208460047525572,0.8173019443051281,1.794213223670459,0.8707745615958244,1.794213223670459,0.32663278108209814,0.0,0.32663278108209814,15.40106072530273,2.4319388172771577,1.9533455023888286,1.9669605934509984,1.8949824957360644,1.895006584958783,1.89756798862186,1.8232322186610719,1.9001308130820704,3.216194254618011,2.50391035726507,2.6056892619467633,2.063692852534147,2.063828075355116,2.0775492636658615,2.331543750552396,2.1637581385624327,2.8891281241193183,2.200156987630682,2.4381998056039773,1.794213223670459,1.79432950502346,1.806188086629652,2.1208460047525572,1.929753927298999
9,RF d=None,Ridge a=.01,Ridge a=.01,1.7194469938153414,1.9601141723292421,2.6448912541772573,0.7536315919344223,2.211917578685113,0.8302084774204805,2.211917578685113,0.4329736754921445,0.0,0.4329736754921445,16.370188181019525,2.2743148072267063,1.8255775235691207,1.8164791873470285,1.7687064262995424,1.7687233663989343,1.7705383886072315,1.7194469938153414,1.8188547839447256,2.992482797369683,2.401988662913469,2.5163201538302853,1.9601141723292421,1.9602523063566053,1.9741575824525959,2.289736978576122,2.043746852708638,3.6847314220850156,2.808454524113037,2.941591295118499,2.211917578685113,2.2120636483190004,2.2266793045529907,2.6448912541772573,2.3514605864295692
10,RF d=None,Ridge a=.01,Ridge a=.01,1.6790417255942056,1.877860942932055,2.484817189505432,0.631138734536667,2.256112323407203,0.6922359438851335,2.256112323407203,0.2287048660982287,0.0,0.2287048660982287,9.204092239226227,2.2281317709978437,1.7783237281519377,1.8278663231384396,1.7317934620043747,1.7318170998157076,1.7345415226978573,1.6790417255942056,1.7756224227341488,3.069594410448331,2.4188238173205043,2.506722611430436,1.877860942932055,1.8780358909192478,1.8958027192602516,2.3927459995672593,2.043730154705094,3.2215614523277463,2.5925827272160147,2.476314221835661,2.256112323407203,2.256127255995519,2.2581607734123086,2.484817189505432,2.3184218966286636
11,RF d=None,Ridge a=.01,Ridge a=.01,1.9538994345200955,2.2035207595445794,1.8770158228678375,0.6365819541607826,1.4186988389519106,0.751478578223189,1.4186988389519106,0.4583169839159269,0.0,0.4583169839159269,24.417321278393796,2.6072391477187074,2.094778721874057,2.107253364580288,2.02315153187267,2.0231771680291017,2.025916685733364,1.9538994345200955,2.038204114862637,3.660586358870256,2.782580630454728,2.8214592664982945,2.2035207595445794,2.2036953864330915,2.2213454898970406,2.86074175541864,2.3302788955693305,2.4815540136449035,1.8012217462423672,2.071845941756224,1.4186988389519106,1.4188784996955925,1.4367275713129828,1.8770158228678375,1.6748008928300935
12,RF d=None,Ridge a=.01,Ridge a=.01,1.7548388240336703,2.0248995997276547,2.141522126119642,0.7284596967270216,1.9661193185244838,0.7663100200344461,1.9661193185244838,0.17540280759515814,0.0,0.17540280759515814,8.190567141745179,2.3443004604789683,1.8789404608081057,1.9158861395132945,1.8374892464823431,1.8375094128337097,1.8397270675839572,1.7548388240336703,1.8662847483832734,3.263098931715143,2.5019677985086104,2.6626084754018753,2.0248995997276547,2.025074215777211,2.0425845269920737,2.4603386414303587,2.2147183942264603,2.6809195334351923,2.221140006376369,2.3975857553409727,1.9661193185244838,1.9662424437029353,1.978592149973858,2.141522126119642,2.137259380642789
13,RF d=None,Ridge a=.01,Ridge a=.01,1.7433646642024798,2.02193959835257,2.376170416627284,0.6224487064654828,2.0912490653170503,0.6846972061151257,2.0912490653170503,0.28492135131023355,0.0,0.28492135131023355,11.990779336216487,2.29494840337099,1.8453907146392807,1.8594841315479038,1.796152222695238,1.7961654507108276,1.797706539451497,1.7433646642024798,1.8311449339685317,3.361202886793375,2.615298119574342,2.7965654358681116,2.02193959835257,2.022121308787779,2.0404318458882824,2.570140757095966,2.2708172238397575,2.810790880345912,2.412831026645702,2.530197420603774,2.0912490653170503,2.0913330696799233,2.099795695240682,2.376170416627284,2.258029155354103
14,RF d=None,Ridge a=.01,Ridge a=.01,1.7023788865579061,1.9770779004922292,2.4645766110883827,0.682248925438208,2.238868121094587,0.7249880636759748,2.238868121094587,0.22570848999379578,0.0,0.22570848999379578,9.158104032080406,2.2234140733011203,1.7826644424812745,1.8168076332298995,1.7505498659475631,1.7505676666978922,1.752607102000058,1.7023788865579061,1.7988828162571369,3.1245279968566426,2.442188275738135,2.5619815482508863,1.9770779004922292,1.9772633442584655,1.9959398606512344,2.412511328885545,2.0393010132874787,3.020667216627525,2.5326816837435415,2.548164303923908,2.238868121094587,2.238973691651918,2.2496025610686323,2.4645766110883827,2.2480067483544164
15,RF d=None,Ridge a=.01,Ridge a=.01,1.745647850442141,2.009577482002096,2.3824276469546106,0.7177988122509241,2.0826198898790493,0.7784285491047939,2.0826198898790493,0.2998077570755613,0.0,0.2998077570755613,12.584128523642555,2.322379148539958,1.8547243700910017,1.869245503738282,1.8078214858272208,1.8078420680021416,1.8101037565677398,1.745647850442141,1.835093712264759,3.2651264956722876,2.494854576352265,2.6158072081716,2.009577482002096,2.009761231629578,2.028251810377728,2.2877843396812856,2.120037579395168,3.242749695102141,2.4866190016244154,2.541399931424071,2.0826198898790493,2.0827663237595093,2.097334500648054,2.3824276469546106,2.1145936068270297
16,RF d=None,Ridge a=.01,Ridge a=.01,1.8202608328989751,2.07710344955618,2.215468253680014,0.6534435052276821,1.8078784093934452,0.7371685007604978,1.8078784093934452,0.40758984428656864,0.0,0.40758984428656864,18.397458126946283,2.4212926469083085,1.9420280934073777,1.974637338028692,1.9021777557135784,1.902205302554917,1.9051348405781705,1.8202608328989751,1.9314785312185365,3.5179926710539364,2.783670195907494,2.838130277265064,2.07710344955618,2.0772996339014425,2.096977412536763,2.5792690111133476,2.383183672817366,2.883047673931423,2.232520478595585,2.4408984258154063,1.8078784093934452,1.8080353995576912,1.8235943446643177,2.215468253680014,1.8994167655255167
17,RF d=None,Ridge a=.01,Ridge a=.01,1.7182287355168033,1.9849444767015942,2.499007874243281,0.7483226280911484,2.186547715341958,0.7977676052009648,2.186547715341958,0.31246015890132295,0.0,0.31246015890132295,12.503368321555941,2.2593265969550993,1.8142443848945746,1.8270367029328143,1.7708269943526207,1.7708440718418952,1.772719367541254,1.7182287355168033,1.8114898282306764,3.0990655234648288,2.426028811373241,2.5167504434508383,1.9849444767015942,1.985113345642939,2.001994764135773,2.297388391936535,1.9885290100676696,3.463119150392107,2.7170611187199594,2.6244661275325067,2.186547715341958,2.1866551502105627,2.19765974155448,2.499007874243281,2.271544111531706
18,RF d=None,Ridge a=.01,Ridge a=.01,1.8447510515969807,2.110471064649789,1.9822984500035499,0.7567586219789489,1.6723346271949182,0.817492407544416,1.6723346271949182,0.30996382280863166,0.0,0.30996382280863166,15.636587054188364,2.468374463267042,1.971537927372406,1.9703560484288611,1.9239912093391645,1.9240120553052662,1.9262613039689533,1.8447510515969807,1.9617438276057793,3.339250306262213,2.6486717941821807,2.873533623287991,2.110471064649789,2.1106530630307043,2.128949403512644,2.5192461979780765,2.509497812766646,2.7663894312383612,2.2587149916340783,2.395889208623371,1.6723346271949182,1.672495671446465,1.6885086077266438,1.9822984500035499,2.051824743223104
19,RF d=None,Ridge a=.01,Ridge a=.01,1.728491856715268,1.9585360216849423,2.4797667727473827,0.7809194077007455,1.9889777624603973,0.8382542678271245,1.9889777624603973,0.4907890102869854,0.0,0.4907890102869854,19.791740726618034,2.3085622658028226,1.8440663062563445,1.87725059618597,1.8180716427778925,1.8180867093160487,1.8198060164123895,1.728491856715268,1.8426333895531388,3.049140116007205,2.5000974965654224,2.6864600881725793,1.9585360216849423,1.958668121466604,1.9720630026596644,2.391514677730855,2.3273423363809123,3.5186277945530726,2.6309838449115457,2.638956643702514,1.9889777624603973,1.9890617662899024,1.9976846044921501,2.4797667727473827,2.228214195871894
20,RF d=None,Ridge a=.01,Ridge a=.01,1.716599851926252,1.954041588798329,2.559204288828866,0.7295121218389667,2.1439641568093446,0.8012504212582484,2.1439641568093446,0.41524013201952137,0.0,0.41524013201952137,16.22536089956078,2.2924020752942935,1.8387597994831666,1.8568984315463972,1.7885010295704287,1.7885203531508609,1.7906554996794264,1.716599851926252,1.8221909147242688,3.2382471097290937,2.5381253282246203,2.640390135652555,1.954041588798329,1.9542045408223896,1.970605782204925,2.484303991258742,2.1663984199365105,3.3666291532532813,2.6750123425635297,2.6639485167897234,2.1439641568093446,2.1440340386339583,2.1513568034593993,2.559204288828866,2.299566447301281
21,RF d=None,Ridge a=.01,Ridge a=.01,1.6985862820703754,1.9362686988983362,2.6918499322956744,0.7948541091684423,2.2788712423077406,0.841278459734002,2.2788712423077406,0.41297868998793374,0.0,0.41297868998793374,15.341816979958297,2.2621237778567442,1.7938748122022368,1.7944219295148922,1.7477928648382193,1.7478058997834105,1.7493392132423395,1.6985862820703754,1.7742015534692477,2.999162436089387,2.456799310428843,2.5686859492839025,1.9362686988983362,1.9363919975242652,1.9488120198188121,2.299664507927017,2.0411073612831037,4.055494474399038,2.8953515860096157,3.1765131692389423,2.2788712423077406,2.2790084635862167,2.292938879226616,2.6918499322956744,2.362775807919693
22,RF d=None,Ridge a=.01,Ridge a=.01,1.7737880848109995,2.2319209215403424,2.6381114018015586,0.722427599378727,2.0750210768088326,0.8600855683141323,2.0750210768088326,0.5630903249927259,0.0,0.5630903249927259,21.34444832800439,2.3624065454610514,1.8910362641683984,1.8533712275669365,1.835422937023249,1.8354293858782587,1.8362077273678576,1.7737880848109995,1.8379642997071444,3.221026614494182,2.5763499408964643,2.6513190149288524,2.2319209215403424,2.232114596651692,2.2511011385690454,2.4316278466213754,2.3411525798691732,3.4106738847765365,2.6698149444739294,2.553986140905959,2.0750210768088326,2.075196734417141,2.092493474468194,2.6381114018015586,2.4160746016638073
23,RF d=None,Ridge a=.01,Ridge a=.01,1.8272338802850776,2.087627781941877,2.0689088649027716,0.8048758084096551,1.699282187550734,0.8682464032351677,1.699282187550734,0.3696266773520376,0.0,0.3696266773520376,17.865778605449023,2.422130576034317,1.950837325819089,1.9828589466456392,1.9096290448856492,1.9096530282382425,1.912181386913966,1.8272338802850776,1.9378307098580994,3.3773537696201785,2.676411142488301,2.7592986387180294,2.087627781941877,2.0877899449597996,2.1040759520028005,2.5363393895726323,2.409924939251474,2.8602369664396434,2.2503185996195394,2.3588897882832316,1.699282187550734,1.6993882588306457,1.7103179547969378,2.0689088649027716,1.9937672874372978
24,RF d=None,Ridge a=.01,Ridge a=.01,1.6826745351164358,1.9439714729841602,3.1540524007327213,0.7348716026866069,2.3512634489378867,0.8222683831667589,2.3512634489378867,0.8027889517948346,0.0,0.8027889517948346,25.452619354337223,2.2414472088767954,1.7869148411741311,1.7822580914788062,1.7359797852154082,1.7359900952188998,1.7372330619136367,1.6826745351164358,1.783555757374779,3.079648961315932,2.4508358740816805,2.5064673594033438,1.9439714729841602,1.944068766828267,1.9540395003389328,2.282347027814555,2.2157301169709855,4.562984235768725,3.2624388412667544,3.456466113020237,2.3512634489378867,2.3513721854566456,2.36243165942978,3.1540524007327213,2.8151287049062503
25,RF d=None,Ridge a=.01,Ridge a=.01,1.9150286939057104,2.1502373169956237,1.9884342743922725,0.8580735675135366,1.6113350543926008,0.912611611933566,1.6113350543926008,0.37709921999967166,0.0,0.37709921999967166,18.96463085836342,2.5211778938472427,2.033119833039475,2.0649565040160516,1.9916935054183758,1.991717054390626,1.9942384413289613,1.9150286939057104,2.018171001218432,3.3689524194594798,2.578740047947112,2.6087416629053046,2.1502373169956237,2.1503407858051338,2.1607780417154308,2.430280861457163,2.3155897137809003,2.8954173640130354,2.04607080905959,2.6081163730656423,1.6113350543926008,1.6115562768727578,1.6338269480093883,1.9884342743922725,1.700808050343769
26,RF d=None,Ridge a=.01,Ridge a=.01,1.7933765013170473,2.087673470821777,2.327150413304569,0.7744060773474924,1.958441204982071,0.8447072757547199,1.958441204982071,0.3687092083224979,0.0,0.3687092083224979,15.843806494610222,2.390776457229087,1.9110787852538405,1.9376540457559337,1.873183596020353,1.8732053325680742,1.875530912791962,1.7933765013170473,1.8745930569063507,3.2879548956479843,2.49274324591319,2.608780308811847,2.087673470821777,2.0878116571967396,2.1017669624557973,2.334324750382067,2.227675074059546,3.066392067941107,2.319083637083828,2.727370661236761,1.958441204982071,1.9586147258825062,1.975878375465803,2.327150413304569,2.2385991574233985
27,RF d=None,Ridge a=.01,Ridge a=.01,1.8615576579045026,2.0967475490055163,2.0296740843683585,0.7900287645909135,1.7297324974963608,0.8332407004022542,1.7297324974963608,0.2999415868719977,0.0,0.2999415868719977,14.777820201874455,2.4379258831532935,1.9626137744564471,1.967907253287418,1.9160071138237462,1.9160256350065228,1.9181446644171694,1.8615576579045026,1.9576697339671671,3.5176064106277694,2.623416784977235,2.7222973300446673,2.0967475490055163,2.096918299957156,2.1140503019417793,2.454729464082825,2.2080882967834734,2.800859901381939,2.1328651907171787,2.2401247287043127,1.7297324974963608,1.729903080263679,1.7469546227828823,2.0296740843683585,1.8045555751901081
28,RF d=None,Ridge a=.01,Ridge a=.01,1.8049734984282821,2.100725052071675,1.9719256000041858,0.7868588878871946,1.780171695805879,0.8267456801865265,1.780171695805879,0.19175390419830673,0.0,0.19175390419830673,9.724195689629452,2.3784650526180258,1.9283849534935622,1.9382766669509504,1.8905160903652127,1.8905303007477403,1.8921179175715757,1.8049734984282821,1.919344512543315,3.448813075468417,2.619802314998391,2.748997516837878,2.100725052071675,2.100894173412364,2.1178156987069423,2.497254759227333,2.3052785420441326,2.7958511029728346,2.13246796626858,2.3052723177083547,1.780171695805879,1.780346659487667,1.7975358481959214,1.9719256000041858,1.8017132564763565
29,RF d=None,Ridge a=.01,Ridge a=.01,1.8485877961250974,2.103013548538604,2.088676199154953,0.7971111911526384,1.728427384418296,0.8632744597986465,1.728427384418296,0.36024881473665693,0.0,0.36024881473665693,17.247710051103574,2.4498857322010616,1.9579709151133315,1.9971975212623163,1.9121409465071282,1.9121698818816135,1.9151888746915682,1.8485877961250974,1.9391008635280524,3.3086263504120943,2.559837502328106,2.708347134953735,2.103013548538604,2.1031731114004684,2.119273887374539,2.3556529044631382,2.240143578289035,2.8173919465808908,2.2054160114939245,2.2771830879351915,1.728427384418296,1.728521434622069,1.738104655427846,2.088676199154953,1.9740528743149346
